word_idx,char,word,pos,lca_height,lca,candidates,cand_mass,actual_word_prob
0,12,end,n,5,entity.n.01,story moment official article time,0.0711334771476686,0.003359481692314148
1,29,hear,v,2,<ROOT>,kill see take tell use,0.0321551482193172,0.0037065078504383564
2,51,running,n,5,entity.n.01,sound point state,0.0029763429483864456,0.00011407632700866088
3,95,shouts,n,4,artifact.n.01,house room door office bedroom,0.28646168299019337,5.973536099190824e-05
4,108,move,n,7,entity.n.01,god shit fuck crap hell,0.15168304927647114,9.974106069421396e-05
5,129,snarled,v,5,<ROOT>,whisper yell scream cry call,0.17113108932971954,0.007239298429340124
6,142,grabbed,v,2,<ROOT>,grab turn run reach slam,0.14354772865772247,0.04729560390114784
7,158,wand,n,7,physical_entity.n.01,arm hand wrist wand shoulder,0.797118463087827,0.03581834211945534
8,164,tapped,v,4,<ROOT>,point hold throw pull spin,0.11176831368356943,0.00032230536453425884
9,175,lock,n,7,object.n.01,tip stone button wand ground,0.21548783965408802,0.011473149992525578
10,185,whispered,v,2,<ROOT>,pull slam turn yell begin,0.1454895567148924,0.004358640871942043
11,213,lock,n,8,entity.n.01,door spell wand sound boy,0.21097399853169918,0.012867463752627373
12,218,clicked,v,3,<ROOT>,click rattle slide open swing,0.3259315546602011,0.1828117072582245
13,234,door,n,8,entity.n.01,door room spell wand sound,0.3662177389487624,0.2713293731212616
14,245,open,v,2,<ROOT>,open shut close leave swing,0.9288706019442543,0.8430981040000916
15,257,piled,v,2,<ROOT>,see step hear stand walk,0.13788300938904285,5.624578625429422e-05
16,275,shut,v,2,<ROOT>,run harry leave scream laugh,0.09999010991305113,0.00015273979806806892
17,296,pressed,v,2,travel.v.01,run walk head hurry race,0.19417693093419075,0.0012911796802654862
18,310,ears,n,7,entity.n.01,face way body head hand,0.5012585371732712,0.0054632327519357204
19,327,listening,v,2,<ROOT>,try listen breathe hop wait,0.18133476190268993,0.038521990180015564
20,345,way,n,8,entity.n.01,way door room house direction,0.5249322697054595,0.35283660888671875
21,362,Peeves,n,8,entity.n.01,potter boy mr baby kid,0.010413010430056602,0.007483054883778095
22,381,saying,v,2,<ROOT>,run yell pace shout go,0.1305077839642763,0.0038212104700505733
23,397,tell,v,2,<ROOT>,harry hurry let move please,0.10090485215187073,0.0018900150898844004
24,430,mess,n,7,entity.n.01,panic mind sound act point,0.011524549569003284,0.0010135441552847624
25,444,Peeves,v,2,<ROOT>,harry please let come hurry,0.1106030615628697,0.02944285422563553
26,489,nothing,n,8,abstraction.n.06,nothing yes right thing goodbye,0.013785680464934558,0.011163834482431412
27,528,Peeves,n,10,entity.n.01,ron draco potter granger lily,0.020639232825487852,0.19245703518390656
28,542,annoying,n,7,entity.n.01,voice throat ear tone head,0.04658527742139995,0.0006183360237628222
29,560,voice,n,5,attribute.n.02,voice tone accent way manner,0.5393450038682204,0.47134140133857727
31,633,nothing,n,8,abstraction.n.06,nothing yes hello shit thing,0.13834513607434928,0.12941287457942963
32,670,ha,n,9,physical_entity.n.01,ha ho haw wa la,0.00901133386651054,0.8460372090339661
33,693,heard,v,2,<ROOT>,hear run walk fall leave,0.15442111156880856,0.055337920784950256
34,703,sound,n,8,entity.n.01,sound door footstep voice noise,0.3084693532437086,0.12974710762500763
35,712,Peeves,n,6,entity.n.01,footstep someone glass voice gravel,0.0886968420818448,0.033431924879550934
36,719,whooshing,v,2,<ROOT>,get run yell shout scream,0.06640222668647766,0.0004311330267228186
37,755,rage,n,7,entity.n.01,frustration front pain anger french,0.04147463524714112,0.0035348793026059866
38,765,thinks,v,2,<ROOT>,run try leave tell want,0.03456448810175061,0.004440955352038145
39,777,door,n,7,entity.n.01,way place thing house girl,0.09144737618044019,0.0034227643627673388
40,785,locked,v,6,<ROOT>,lock go suppose mean open,0.13370637223124504,0.050017211586236954
41,800,whispered,v,5,<ROOT>,whisper mutter yell snap spit,0.15715360455214977,0.03892502561211586
42,814,think,v,3,<ROOT>,think know tell hope swear,0.3206383213400841,0.14482086896896362
43,876,tugging,v,2,<ROOT>,stand sit watch wait cry,0.12091881688684225,0.0005716649466194212
44,891,sleeve,n,7,physical_entity.n.01,door chain rope bar arm,0.29749350994825363,0.003928503021597862
45,909,bathrobe,n,5,whole.n.02,shirt robe cloak jumper trouser,0.4070203136652708,0.001377405715174973
46,931,minute,n,7,abstraction.n.06,hour half minute time couple,0.2816750593483448,0.038744691759347916
47,953,turned,v,5,<ROOT>,ask snap look whisper yell,0.18610461987555027,0.013370172120630741
48,973,saw,v,1,<ROOT>,see find look notice spot,0.31885825330391526,0.2202613800764084
49,1005,moment,n,6,entity.n.01,moment minute fraction couple time,0.5578494314104319,0.5188580751419067
50,1030,walked,v,2,<ROOT>,see hear miss fall lose,0.5113927172496915,0.0020315838046371937
51,1044,nightmare,n,8,entity.n.01,trap room nightmare dream door,0.43187931925058365,0.021273834630846977
52,1078,top,n,7,entity.n.01,top purpose account balance behalf,0.24849477084353566,0.2415221780538559
53,1105,happened,v,3,<ROOT>,happen go transpire come occur,0.8190339704742655,0.6815488338470459
54,1140,room,n,7,entity.n.01,dream room hospital hotel nightmare,0.2428462654352188,0.023082450032234192
55,1156,supposed,v,5,<ROOT>,think assume imagine suspect hop,0.38302429020404816,0.01570897549390793
56,1181,corridor,n,7,object.n.01,room corridor hallway bathroom forest,0.16356633603572845,0.030194010585546494
57,1205,corridor,n,8,entity.n.01,corridor room door passage forest,0.39616673067212105,0.13227176666259766
58,1227,floor,n,6,entity.n.01,floor level story day year,0.9818252538098022,0.9608407616615295
59,1247,knew,v,2,<ROOT>,see hear stand know find,0.05912185274064541,0.009050276130437851
60,1284,looking,v,4,<ROOT>,trap go suppose stand walk,0.12047781143337488,0.004284928552806377
61,1310,eyes,n,7,physical_entity.n.01,eye face corridor middle abyss,0.42706000339239836,0.2635596990585327
62,1330,dog,n,3,organism.n.01,creature monster snake beast man,0.32734657172113657,0.0026963837444782257
63,1337,dog,n,3,organism.n.01,dog creature monster beast giant,0.24647199735045433,0.12481484562158585
64,1346,filled,v,2,<ROOT>,look harry know want seem,0.10678260587155819,0.0003017365525010973
65,1363,space,n,7,object.n.01,room corridor floor place hallway,0.3833199068903923,0.016722312197089195
66,1377,ceiling,n,8,entity.n.01,floor room door dimension world,0.04822832392528653,0.000935245887376368
67,1389,floor,n,6,object.n.01,floor wall ceiling door ground,0.9119517535436898,0.7673860192298889
68,1409,heads,n,4,body_part.n.01,eye head leg face ear,0.49539847671985626,0.16206304728984833
69,1422,pairs,n,4,body_part.n.01,eye head face leg ear,0.33106681518256664,0.005581911187618971
70,1431,rolling,v,4,<ROOT>,paw glow point double open,0.011118196707684547,1.900170354929287e-05
71,1444,eyes,n,7,physical_entity.n.01,eye ear face eyebrow dog,0.5694388221018016,0.4676479399204254
72,1456,noses,n,8,entity.n.01,ear mouth pair leg eye,0.19108759239315987,0.006444655824452639
73,1463,twitching,v,4,<ROOT>,point hook look curl hang,0.024097047047689557,0.0015535197453573346
74,1477,quivering,v,5,<ROOT>,blink move scream smile twist,0.04136858694255352,0.002579127438366413
75,1496,direction,n,7,physical_entity.n.01,socket mouth jaw head fur,0.8376370696350932,7.377717702183872e-05
76,1513,drooling,v,4,<ROOT>,paw set point glow hook,0.025394997792318463,0.0008301325142383575
77,1522,mouths,n,4,body_part.n.01,mouth lip ear jaw eye,0.6542656924575567,0.5541356801986694
78,1537,hanging,v,3,<ROOT>,drip run flow stream pour,0.3288716785609722,0.0031835362315177917
79,1557,ropes,n,6,entity.n.01,stream strand pool line air,0.23278366029262543,0.00991868693381548
80,1578,fangs,n,5,body_part.n.01,lip mouth tongue tooth eye,0.280158594250679,0.011188565753400326
81,1592,standing,v,2,<ROOT>,star cover look wear breathe,0.028444144409149885,0.0016308249905705452
82,1622,eyes,n,8,entity.n.01,foot leg limb paw inch,0.4500936809927225,0.010612771846354008
83,1627,staring,v,3,<ROOT>,star look fix close turn,0.37817371264100075,0.15207542479038239
84,1654,knew,v,3,<ROOT>,feel know think wonder see,0.19054099544882774,0.047610923647880554
85,1673,reason,n,4,abstraction.n.06,thing way sound reason time,0.7252545394003391,0.053673431277275085
86,1728,appearance,n,6,abstraction.n.06,movement appearance silence death motion,0.2264687940478325,0.05213245004415512
87,1743,taken,v,3,<ROOT>,startle cause change frighten bring,0.2310276124626398,0.005938170477747917
88,1755,surprise,n,5,attribute.n.02,storm shock force terror chance,0.0025268713470723014,0.9947750568389893
89,1784,getting,v,3,<ROOT>,go become get forget move,0.14972977619618177,0.025897879153490067
90,1816,mistaking,v,5,<ROOT>,need escape sign tell turn,0.14299811236560345,0.004019586835056543
91,1848,growls,n,6,physical_entity.n.01,eye jaw ear dog tooth,0.34904149547219276,0.004103806335479021
92,1855,meant,v,9,<ROOT>,mean sound imply indicate come,0.152357047656551,0.12017688155174255
93,1868,groped,v,2,<ROOT>,turn feel look know open,0.14012232795357704,5.403620161814615e-05
94,1883,doorknob,n,6,object.n.01,door wand key stair right,0.2700281869620085,0.0007064983365125954
95,1912,death,n,8,entity.n.01,draco ron potter granger professor,0.05513223633170128,3.1448165827896446e-05
96,1924,take,v,2,<ROOT>,find see hear manage feel,0.21269242838025093,0.0005997364060021937
97,1941,fell,v,2,<ROOT>,reach run need move step,0.041756875813007355,0.006997386459261179
98,1963,slammed,v,2,<ROOT>,grab fall catch feel try,0.09998091869056225,0.004182004369795322
99,1975,door,n,6,object.n.01,door front bathroom knob floor,0.8846580161480233,0.8702178597450256
100,1995,ran,v,2,<ROOT>,fall hear scream roll scramble,0.1947100441902876,0.006775895599275827
101,2012,flew,v,2,<ROOT>,run fall lose hit jump,0.41660899855196476,0.004886304493993521
102,2032,corridor,n,5,artifact.n.01,corridor hall hallway stair staircase,0.7711521200835705,0.5975093841552734
103,2058,hurried,v,2,<ROOT>,hear see catch know notice,0.2677607722580433,0.0002813954488374293
104,2073,look,v,5,<ROOT>,find fetch catch tell warn,0.2475600205361843,0.008273269049823284
105,2123,see,v,2,<ROOT>,stop come hear see turn,0.29450524412095547,0.03560895845293999
106,2157,cared,v,1,<ROOT>,hear know notice see look,0.524586621671915,0.008825661614537239
107,2174,wanted,v,1,<ROOT>,want know see hear need,0.6585171893239021,0.3980421721935272
108,2191,put,v,2,<ROOT>,run find escape stay hear,0.19226704351603985,0.001659005181863904
109,2203,space,n,6,entity.n.01,distance effort time pressure pain,0.8934535733424127,0.0017804282251745462
110,2243,monster,n,7,entity.n.01,dog monster thing beast creature,0.26621073950082064,0.06967225670814514
111,2264,stop,n,6,abstraction.n.06,mind fear panic sound sense,0.005159394379006699,0.01928277686238289
112,2269,running,v,2,<ROOT>,run move look walk go,0.14537622826173902,0.1055636927485466
113,2288,reached,v,2,<ROOT>,reach come find hit see,0.42957395128905773,0.35003507137298584
114,2300,portrait,n,6,object.n.01,end bottom door top stair,0.24960565567016602,6.765376747353002e-05
115,2340,floor,n,8,entity.n.01,floor story level flight corridor,0.9672360333788674,0.961377739906311
116,2357,earth,n,7,entity.n.01,earth hell god planet account,0.935537209676113,0.8634848594665527
117,2387,asked,v,4,<ROOT>,ask demand shout cry yell,0.5246211122721434,0.3215462267398834
118,2394,looking,v,3,<ROOT>,look hold star point turn,0.0991636049002409,0.05713610723614693
119,2411,bathrobes,n,7,entity.n.01,back foot footprint face shoe,0.2649923749268055,7.628651655977592e-05
120,2421,hanging,v,2,<ROOT>,hang cover fill leave lie,0.0015162883355515078,0.000358390825567767
121,2439,shoulders,n,7,physical_entity.n.01,back body shoulder leg foot,0.4747801832854748,0.11235694587230682
122,2459,flushed,v,3,<ROOT>,rob dress pant sleep match,0.12483821506612003,0.0001285549660678953
123,2475,faces,v,3,<ROOT>,rob dress look pant cover,0.04754530907666776,0.4735162854194641
124,2489,mind,n,7,entity.n.01,mind home fear right past,0.6404698880432989,0.6381193399429321
125,2501,pig,n,9,entity.n.01,oh nothing ha right yes,0.0036117768904659897,1.478448098168883e-06
126,2505,snout,n,8,entity.n.01,leg tail head shit thing,0.019264837843365967,0.0001707610790617764
127,2512,pig,n,6,physical_entity.n.01,pig baby right dog man,0.02677312004379928,0.010743922553956509
128,2516,snout,n,4,body_part.n.01,eye nose tail mouth face,0.40607100212946534,0.012721420265734196
129,2524,panted,v,5,<ROOT>,harry whisper reply cry yell,0.25526100350543857,0.0011066135484725237
130,2546,portrait,n,6,whole.n.02,dog door cat portrait room,0.15459624491631985,0.016642313450574875
131,2561,forward,n,9,entity.n.01,right past upside half door,0.0027381520194467157,0.005793932359665632
132,2575,scrambled,v,2,<ROOT>,hear fall stop see jump,0.15404967591166496,0.005742997396737337
133,2601,room,n,6,object.n.01,room area bathroom bath space,0.8921706569381058,0.7653634548187256
134,2621,trembling,n,4,body_part.n.01,face hand eye head arm,0.05287955887615681,0.00063109997427091
135,2637,armchairs,n,8,entity.n.01,bed chair pile sheet silence,0.09933901764452457,0.0004856923478655517
136,2714,looked,v,2,<ROOT>,seem look keep begin remain,0.1269781580194831,0.03165804222226143
137,2765,think,v,6,<ROOT>,want think know mean need,0.6091335732489824,0.17989513278007507
138,2786,keeping,v,3,<ROOT>,harry go die get cry,0.10232714470475912,9.931711974786595e-05
139,2796,thing,n,4,organism.n.01,dog monster pet creature cat,0.1565081188455224,0.008098641410470009
140,2812,locked,v,2,<ROOT>,lock hide go close shut,0.14783385605551302,0.08038073033094406
141,2827,school,n,6,object.n.01,room place corridor house vault,0.3073258325457573,0.007603718899190426
142,2862,dog,n,6,physical_entity.n.01,student witch school teacher idiot,0.04139013774693012,0.0016381610184907913
143,2866,needs,n,6,entity.n.01,bit life owner hate step,0.0031026982760522515,0.0011291980044916272
144,2872,exercise,v,3,<ROOT>,help rescue remind tell explain,0.09512173617258668,0.00031089954427443445
145,2924,breath,n,4,body_part.n.01,hand arm leg foot eye,0.5474167503416538,0.00019557638734113425
146,2943,temper,n,7,entity.n.01,breath mood temper eye habit,0.2707620617002249,0.02889680676162243
147,2982,eyes,n,8,entity.n.01,hand wand tooth magic imagination,0.22083228081464767,0.013211878947913647
148,3013,snapped,v,4,<ROOT>,ask snap demand spit complain,0.3289978476241231,0.08596044778823853
149,3034,see,v,3,<ROOT>,tell hear see think know,0.285314979031682,0.04856859892606735
150,3050,standing,v,2,<ROOT>,go try say look come,0.0679014646448195,0.0007230546907521784
151,3069,floor,n,8,entity.n.01,door thing portrait dog school,0.11205707909539342,0.0023572612553834915
152,3083,suggested,v,4,<ROOT>,ask look snap think reply,0.1871330551803112,0.0022835463751107454
153,3104,looking,v,3,<ROOT>,look pay go think expect,0.27434612065553665,0.11600016057491302
154,3119,feet,n,4,body_part.n.01,face eye head nose foot,0.48384130001068115,0.029508624225854874
155,3149,heads,n,4,body_part.n.01,mouth eye head nose face,0.4465247765183449,0.0012632259167730808
156,3170,floor,n,7,physical_entity.n.01,foot floor head leg ground,0.5630931528285146,0.16110944747924805
157,3184,standing,v,2,<ROOT>,stand sit star look hang,0.2204118063673377,0.06758664548397064
158,3223,guarding,v,6,<ROOT>,try go lock look mean,0.09024085942655802,0.003761245170608163
159,3248,stood,v,3,<ROOT>,look turn snap stop shake,0.14946378581225872,0.01048922911286354
160,3258,glaring,v,2,<ROOT>,look grab take turn pick,0.12151510454714298,0.0021393313072621822
161,3278,hope,v,3,<ROOT>,think know tell want hope,0.1611089138314128,0.011311954818665981
162,3338,killed,v,2,<ROOT>,kill murder eat catch trap,0.1831108909100294,0.13230279088020325
163,3357,expelled,v,5,<ROOT>,torture kill imprison put injure,0.08703671861439943,0.0060518360696733
164,3385,mind,n,7,abstraction.n.06,mind act step excuse fear,0.4620962424960453,0.4597136974334717
165,3395,going,v,2,<ROOT>,go leave come take give,0.5475924785714597,0.5298100709915161
166,3404,bed,v,4,<ROOT>,take put tell show ask,0.1946224421262741,0.0020110751502215862
167,3414,stared,v,2,<ROOT>,look stand turn close take,0.08606427442282438,0.0036753099411726
168,3436,mouth,n,8,entity.n.01,face eye hand mouth voice,0.4746915576979518,0.04162219911813736
169,3462,mind,n,6,abstraction.n.06,mind matter dream end fear,0.04557379148900509,0.04342951998114586
170,3485,think,v,3,<ROOT>,think look know see kill,0.04295621835626662,0.019817039370536804
171,3494,dragged,v,6,<ROOT>,want need think mean know,0.004741565033327788,9.287127795687411e-06
172,3545,given,v,2,<ROOT>,stop turn go take grab,0.10890520736575127,0.0034217059146612883
173,3575,think,v,4,<ROOT>,think talk worry look consider,0.6516328454017639,0.5104416608810425
174,3593,climbed,v,2,<ROOT>,lie sit fall leave sleep,0.34821925684809685,0.008671694435179234
175,3611,bed,n,8,entity.n.01,bed ron class position chair,0.24562851592781954,0.24282215535640717
176,3620,dog,n,8,entity.n.01,door portrait fact room idea,0.08436057483777404,0.005733119789510965
177,3628,guarding,v,2,<ROOT>,star stand look go sit,0.16203523334115744,0.002887858310714364
178,3701,place,n,8,entity.n.01,place bank house thing vault,0.8999340874142945,0.8414668440818787
179,3714,world,n,6,object.n.01,world country ministry castle universe,0.6055197070818394,0.5620835423469543
180,3738,wanted,v,3,<ROOT>,want think know need find,0.08293737564235926,0.04167482629418373
181,3748,hide,v,3,<ROOT>,keep hide steal protect take,0.3478689268231392,0.07597265392541885
182,3783,looked,v,6,<ROOT>,seem take mean look sound,0.04759767558425665,0.00553154619410634
183,3810,found,v,2,<ROOT>,forget go take manage find,0.10630754660815,0.015004555694758892
184,3830,grubby,n,6,physical_entity.n.01,trap place dog ministry school,0.07659635040909052,7.45805591577664e-05
185,3844,package,n,9,entity.n.01,thing rat dog goblin place,0.21752928290516138,8.076441736193374e-05
186,3857,vault,n,8,entity.n.01,professor home ron sirius school,0.024698755703866482,2.604536120998091e-06
187,3881,thirteen,n,7,abstraction.n.06,half zero thousand twenty nothing,0.0005315772359608673,0.013083026744425297
