model,text,kind,mean,var,std,mean_abs_jump,p90,noun_mean,noun_var,n,verb_frac
gpt2-medium,creative_harry_potter,creative,4.833333333333333,4.367924528301886,2.0899580207032593,3.0,7.700000000000003,5.882352941176471,2.9554367201426017,54,0.37037037037037035
gpt2-medium,creative_hp1,creative,4.802139037433155,5.310102926801225,2.3043660574659626,2.752688172043011,8.0,6.557894736842106,2.227995520716684,187,0.4919786096256685
gpt2-medium,creative_hp2,creative,4.574358974358974,5.338514406555654,2.3105225397203237,2.768041237113402,8.0,6.553191489361702,2.0562800274536714,195,0.517948717948718
gpt2-medium,creative_hp3,creative,4.531073446327683,5.364085772984072,2.316049605035279,2.8181818181818183,8.0,6.560975609756097,2.496236073471844,177,0.536723163841808
gpt2-medium,creative_hp4,creative,4.564705882352941,5.572711451444472,2.3606591137740476,2.7633136094674557,8.0,6.467532467532467,3.857484620642517,170,0.5470588235294118
gpt2-medium,creative_hp5,creative,4.74468085106383,5.277203647416419,2.2972164999007862,2.9285714285714284,8.0,6.342105263157895,2.4680701754385965,141,0.46099290780141844
gpt2-medium,creative_hp6,creative,4.7292817679558015,5.720748925721307,2.3918087142832527,2.8444444444444446,7.0,6.428571428571429,4.6092943201376935,181,0.5359116022099447
gpt2-medium,creative_hp7,creative,4.439490445859873,5.3120202515107025,2.304782039914122,2.5833333333333335,8.0,6.211267605633803,4.397585513078469,157,0.5477707006369427
gpt2-medium,creative_jokes_2,creative,5.1395348837209305,4.949127906976743,2.2246635491635005,2.3515625,8.0,6.329113924050633,3.5313209996754327,129,0.3875968992248062
gpt2-medium,creative_jokes_for_all_occasions,creative,5.388349514563107,4.4728392138290305,2.114908795629029,2.575609756097561,8.0,6.340579710144928,3.233523749074368,206,0.3300970873786408
gpt2-medium,factual_wiki_black_hole,factual,5.540772532188841,3.9821666420008777,1.9955366801942975,2.3448275862068964,8.0,6.37888198757764,2.636801242236026,233,0.3090128755364807
gpt2-medium,factual_wiki_copper,factual,5.489878542510121,4.429775188440139,2.1047031117096155,2.410569105691057,8.0,6.158730158730159,3.4853090172239174,247,0.23481781376518218
gpt2-medium,factual_wiki_mitochondrion,factual,5.865853658536586,5.128870084619217,2.264700881931037,2.306122448979592,9.0,6.623711340206185,3.551973719352594,246,0.21138211382113822
gpt2-medium,factual_wiki_photosynthesis,factual,5.6061776061776065,5.1931399838376535,2.278846195739777,2.686046511627907,8.200000000000017,6.663101604278075,2.7837387154275186,259,0.277992277992278
gpt2-medium,factual_wiki_plate_tectonics,factual,5.135802469135802,2.8368533823079334,1.6842961088561397,1.8801652892561984,7.0,5.797872340425532,1.392081010353853,243,0.22633744855967078
gpt2-medium,factual_wiki_vaccine,factual,6.3,10.03514644351464,3.1678299265450853,3.694560669456067,12.0,7.76875,7.726061320754719,240,0.3333333333333333
gpt2-medium,factual_wiki_volcano,factual,5.493273542600897,3.2420716680806403,1.8005753713967767,2.081081081081081,8.0,6.18562874251497,1.94726210230142,223,0.25112107623318386
gpt2-medium,factual_wiki_wordnet,factual,5.819512195121951,5.187852702056442,2.277685821630464,2.196078431372549,8.0,6.531645569620253,3.753769249375165,205,0.22926829268292684
EleutherAI/pythia-410m,creative_harry_potter,creative,4.745454545454545,5.045117845117845,2.246133977552952,2.8703703703703702,8.0,5.628571428571429,4.769747899159664,55,0.36363636363636365
EleutherAI/pythia-410m,creative_hp1,creative,4.903743315508021,5.8508998907480905,2.4188633468528336,2.924731182795699,8.0,6.852631578947369,2.3397536394176917,187,0.4919786096256685
EleutherAI/pythia-410m,creative_hp2,creative,4.553846153846154,5.330848532910384,2.3088630390108427,2.731958762886598,8.0,6.4787234042553195,2.3597574925646243,195,0.517948717948718
EleutherAI/pythia-410m,creative_hp3,creative,4.443181818181818,5.093896103896106,2.2569661282119644,2.7257142857142855,8.0,6.444444444444445,2.674999999999998,176,0.5397727272727273
EleutherAI/pythia-410m,creative_hp4,creative,4.547058823529412,5.539192481726408,2.35354891211685,2.7455621301775146,8.0,6.454545454545454,3.6985645933014353,170,0.5470588235294118
EleutherAI/pythia-410m,creative_hp5,creative,4.914285714285715,5.172456320657762,2.274303480333652,2.8345323741007196,8.0,6.466666666666667,2.7927927927927927,140,0.4642857142857143
EleutherAI/pythia-410m,creative_hp6,creative,4.740331491712707,6.404419889502761,2.530695534730079,2.8666666666666667,7.0,6.464285714285714,5.215576592082616,181,0.5359116022099447
EleutherAI/pythia-410m,creative_hp7,creative,4.49685534591195,4.656635618183263,2.15792391390041,2.3164556962025316,8.0,6.152777777777778,3.0890062597809065,159,0.5471698113207547
EleutherAI/pythia-410m,creative_jokes_2,creative,4.961538461538462,5.494633273703042,2.3440634107683693,2.689922480620155,8.0,6.0375,5.099841772151902,130,0.38461538461538464
EleutherAI/pythia-410m,creative_jokes_for_all_occasions,creative,5.463768115942029,4.560574081891088,2.1355500654143156,2.407766990291262,8.0,6.366906474820144,3.291940360754876,207,0.3285024154589372
EleutherAI/pythia-410m,factual_wiki_black_hole,factual,5.337606837606837,3.752485235317851,1.9371332518228712,2.2832618025751072,8.0,6.228395061728395,2.077946476497199,234,0.3076923076923077
EleutherAI/pythia-410m,factual_wiki_copper,factual,5.651821862348178,4.75632796813798,2.1809007240445357,2.459349593495935,8.0,6.328042328042328,3.74287965777329,247,0.23481781376518218
EleutherAI/pythia-410m,factual_wiki_mitochondrion,factual,6.01984126984127,4.561357743628658,2.135733537599824,2.2788844621513946,9.0,6.74,3.01748743718593,252,0.20634920634920634
EleutherAI/pythia-410m,factual_wiki_photosynthesis,factual,5.743295019157088,5.053079870321242,2.2479056631276237,2.673076923076923,9.0,6.819148936170213,2.4804869723518075,261,0.2796934865900383
EleutherAI/pythia-410m,factual_wiki_plate_tectonics,factual,5.222222222222222,3.0082644628099224,1.7344349116671753,1.9793388429752066,7.0,5.877659574468085,1.712225509159178,243,0.22633744855967078
EleutherAI/pythia-410m,factual_wiki_vaccine,factual,5.929166666666666,7.881990934449096,2.807488367642704,3.062761506276151,9.0,7.18125,6.438639937106916,240,0.3333333333333333
EleutherAI/pythia-410m,factual_wiki_volcano,factual,5.524886877828054,3.141423282599753,1.7724060715873642,1.9954545454545454,8.0,6.248484848484848,1.5659275683665927,221,0.25339366515837103
EleutherAI/pythia-410m,factual_wiki_wordnet,factual,5.565853658536585,3.795887135341931,1.948303655835489,1.9852941176470589,7.0,6.2025316455696204,2.1498024671450398,205,0.22926829268292684
Qwen/Qwen2.5-1.5B,creative_harry_potter,creative,4.811320754716981,3.61756168359942,1.901988875782248,2.1346153846153846,7.0,5.909090909090909,2.022727272727273,53,0.37735849056603776
Qwen/Qwen2.5-1.5B,creative_hp1,creative,4.93010752688172,5.557250799186285,2.3573821920058453,2.7405405405405405,8.0,6.861702127659575,2.098947609242737,186,0.4946236559139785
Qwen/Qwen2.5-1.5B,creative_hp2,creative,4.553846153846154,5.021570182394921,2.2408860261947554,2.747422680412371,7.599999999999994,6.51063829787234,1.8224662548615858,195,0.517948717948718
Qwen/Qwen2.5-1.5B,creative_hp3,creative,4.393063583815029,4.995765559887084,2.235120927352049,2.6686046511627906,8.0,6.197530864197531,3.535493827160495,173,0.5317919075144508
Qwen/Qwen2.5-1.5B,creative_hp4,creative,4.658823529411765,4.74681517577445,2.1787187004692576,2.6094674556213016,8.0,6.402597402597403,3.085782638414217,170,0.5470588235294118
Qwen/Qwen2.5-1.5B,creative_hp5,creative,4.822695035460993,4.9469098277608845,2.2241649731440525,2.8142857142857145,8.0,6.381578947368421,2.399122807017543,141,0.46099290780141844
Qwen/Qwen2.5-1.5B,creative_hp6,creative,4.822222222222222,6.828553693358165,2.6131501474959613,2.994413407821229,8.0,6.869047619047619,5.127223178428003,180,0.5333333333333333
Qwen/Qwen2.5-1.5B,creative_hp7,creative,4.551282051282051,4.42961124896609,2.1046641653637024,2.503225806451613,8.0,6.214285714285714,2.895445134575571,156,0.5512820512820513
Qwen/Qwen2.5-1.5B,creative_jokes_2,creative,5.047244094488189,4.823147106611675,2.1961664569453005,2.619047619047619,8.0,6.233766233766234,3.655160628844841,127,0.3937007874015748
Qwen/Qwen2.5-1.5B,creative_jokes_for_all_occasions,creative,5.4487804878048784,3.974079387852703,1.9935093147143064,2.3088235294117645,8.0,6.328467153284672,2.5751395448690437,205,0.33170731707317075
Qwen/Qwen2.5-1.5B,factual_wiki_black_hole,factual,5.5965665236051505,4.2244709190469125,2.05535177501247,2.5172413793103448,8.0,6.453416149068323,2.4993788819875773,233,0.3090128755364807
Qwen/Qwen2.5-1.5B,factual_wiki_copper,factual,5.7727272727272725,5.080912863070533,2.2540880335671303,2.336099585062241,8.0,6.559782608695652,3.755969351389877,242,0.2396694214876033
Qwen/Qwen2.5-1.5B,factual_wiki_mitochondrion,factual,5.991935483870968,4.178072352096134,2.044033353958818,2.0040485829959516,9.0,6.668367346938775,2.622789115646259,248,0.20967741935483872
Qwen/Qwen2.5-1.5B,factual_wiki_photosynthesis,factual,5.8301158301158305,6.265601149322083,2.5031182851239935,2.9263565891472867,9.0,6.994652406417113,3.198895980679666,259,0.277992277992278
Qwen/Qwen2.5-1.5B,factual_wiki_plate_tectonics,factual,5.2510460251046025,3.6594001617383394,1.91295587030604,2.1596638655462184,7.0,5.978260869565218,2.218104062722737,239,0.2301255230125523
Qwen/Qwen2.5-1.5B,factual_wiki_vaccine,factual,6.2125,9.096914225941422,3.0161091203637547,3.573221757322176,11.0,7.633540372670807,6.708618012422368,240,0.32916666666666666
Qwen/Qwen2.5-1.5B,factual_wiki_volcano,factual,5.452914798206278,3.1678180422575135,1.7798365212169105,2.036036036036036,8.0,6.209580838323354,1.4558112690282092,223,0.25112107623318386
Qwen/Qwen2.5-1.5B,factual_wiki_wordnet,factual,5.802955665024631,4.426327854460324,2.103883992633701,2.2524752475247523,8.0,6.382165605095541,3.5196798954760746,203,0.22660098522167488
